student_id,student_name,email,enrollment_year
S8538,ERICA MILLER,joseph67 @ henderson.com,2019
S4463,BRITTNEY WATSON,<span>ramirezgregory@miller.biz</span>,2021
S5849,  SSara Freeman ðŸ˜Š,esteskevin@cooper-peterson.net,2023
S9472,WANDA BALLARD,woodswilliam@gmail.com,2022
S9742,Lindsey Little,paulbailey @ hotmail.com,2023
S1737,Andrew Hobbs,<span>bryanteric@hotmail.com</span>,2020
S6215,  RICHARD MORALES ðŸ˜Š,zlittle@gmail.com,2021
S7071,SSean Woodard,jeanettesmith @ hotmail.coom,2020
S2075,James Jacobs,xgreen@yahoo.coom,2019
S3047,  JJohn Conway ðŸ˜Š,<span>oterry@mitchell.com</span>,2022
S8090,Mark Crawford,<span>klewis @ gmail.com</span>,2023
S8836,Tonya Costa,<span>william93@austin.com</span>,2021
S8945,  William Stevens ðŸ˜Š,carternathan @ hotmail.coom,2020
S5887,Michael Williams,<span>calvin93@fernandez.com</span>,2022
S6743,ANTHONY KLINE,<span>charlesbrian@yahoo.com</span>,2022
S4014,  Maria Pitts ðŸ˜Š,<span>campbellanthony@yahoo.com</span>,2022
S3661,Wayne Romero,xjennings@yahoo.com,2023
S9370,JENNIFER HUNT,jamesleonard@yahoo.com,2019
S3745,ROBERT BOYD,<span>ypeters@dodson.biz</span>,2023
S2738,TTracy Miranda,alexander07@barron.com,2022
S5997,BBRANDON JOHNSON,<span>aatkinson@martinez.com</span>,2019
S2807,BILLY MARTINEZ,<span>brent92@hamilton.com</span>,2021
S2253,Daniel Beck,steinmichelle @ marshall.com,2020
S6618,PAMELA BAUER,michaeljordan @ yahoo.com,2023
S4704,JJames Stokes,<span>schmidtmelanie @ benjamin.com</span>,2021
S8807,AAlexander Benson,<span>jacksonkaren@thomas.coom</span>,2023
S8786,Mark Ward,vcastro @ house.com,2020
S4638,David Young,<span>framos@hotmail.com</span>,2022
S5780,  Robert Greene ðŸ˜Š,frenchrachel@gmail.com,2022
S5166,RRYAN SANDOVAL,hcompton @ gmail.com,2020
S1881,Katrina Cook,ycarlson@schultz.com,2019
S6540,Susan Lopez,anita61 @ clark-dixon.com,2022
S5957,Amanda Reyes,autumn20@mcdaniel-powers.com,2023
S7416,James Johnson,brandonowens@gonzalez-taylor.biz,2023
S5428,Timothy Davis,<span>morenocynthia@buckley-pham.biz</span>,2023
S1975,KKelly Alexander,robertskathleen@davis-clark.org,2022
S9721,Erica Edwards,<span>barrycourtney@hotmail.com</span>,2020
S9728,Craig Gill,rlynch @ yahoo.com,2023
S9350,Dillon Payne,johnsonkimberly@hotmail.com,2023
S5934,  Kimberly Hodges ðŸ˜Š,andrea00@murray.com,2023
S4974,CCatherine Flowers,johnsonstephanie@scott-baker.coom,2021
S2400,KKatie Baker,medinagary @ simon-schmidt.com,2023
S2061,CCYNTHIA HARRINGTON,heathjason @ tucker.coom,2019
S1956,  RRobert Campbell ðŸ˜Š,<span>cameron74 @ hotmail.coom</span>,2023
S2140,  Brittany Moore ðŸ˜Š,huntmichael @ french.com,2022
S8307,BBradley Deleon,ortizbrooke@hotmail.coom,2021
S7743,Ashley Smith,christopher08@gmail.coom,2022
S1580,Sharon Mitchell,barnesray @ wilson.com,2019
S2228,CCharles Brown,robin44@gmail.coom,2020
S6940,JULIE NELSON,bryanstevens@hotmail.com,2019
S1601,William Crosby,edwardorozco@yahoo.com,2022
S6745,Rhonda Cantu,marissa46 @ yahoo.com,2019
S7328,James Gibson,tapiasarah@steele.info,2020
S1970,Robert Mclaughlin,<span>anthony69@gmail.coom</span>,2023
S9184,  KKrista Boone ðŸ˜Š,<span>qjones@gmail.com</span>,2019
S3103,Mary Freeman,ariasmolly @ gmail.com,2022
S4327,Amy Reid,<span>marthamartin @ gonzalez-crawford.com</span>,2019
S3637,ALEXANDRIA GOMEZ,chavezbethany @ harmon-wheeler.com,2019
S1516,Heather Moore,ijones@hotmail.com,2023
S3095,  Edward Morse ðŸ˜Š,flang @ gmail.coom,2020
S1151,Devin Foster,riveraadriana@gmail.com,2023
S9399,Jennifer Ashley,jasonbell@gmail.com,2023
S5174,Mr. Charles Davidson DDS,<span>zfranco@gmail.com</span>,2021
S2829,Daniel Allen,gdavis@yahoo.coom,2023
S8106,STACEY STANLEY,elizabethcollins @ hotmail.com,2023
S8329,  LARRY SMITH ðŸ˜Š,ashleymiller@yahoo.com,2023
S5662,Amy Hughes,nancyturner @ rodriguez.com,2021
S1200,  Lisa Ingram ðŸ˜Š,uschneider@davidson.com,2019
S6568,Lauren Hughes,devinwilliams @ hotmail.com,2019
S6113,Terry Holloway,ryandunn@yahoo.com,2020
S5171,Wendy Smith,maryriley @ gmail.com,2023
S1855,Derrick Garcia,<span>dalton26@kane.com</span>,2021
S2286,Brenda Strong,ocollins@yahoo.coom,2023
S5045,Drew Wood,<span>vgreen@hudson.coom</span>,2020
S3559,Amy Thompson,lgarrett@curry-burgess.org,2023
S4999,Brandi Sullivan,aperez @ willis.net,2022
S4295,Brian Sawyer,hgonzales@gonzales.coom,2021
S4805,  AANDREA TORRES ðŸ˜Š,ryan76@vargas.net,2021
S7917,BRIAN GARCIA,carlwyatt@gmail.com,2021
S2245,LLauren Gutierrez,maryherrera@brown.com,2022
S4683,JON MARTIN,gcameron@gmail.com,2021
S6314,Abigail Tran,arielgreen@duncan.com,2022
S5709,DOUGLAS WILLIS,<span>michelle71@hotmail.coom</span>,2023
S2796,Robert Burns,<span>christopherhampton@graham-hernandez.com</span>,2019
S4617,GGLENN MURRAY,justin73@gmail.com,2023
S1908,Jeff Warren,<span>nwright@yahoo.com</span>,2021
S4465,TRAVIS GARCIA,davismichelle@potts-sherman.info,2022
S5619,GGregory Watson,vross@terry.com,2023
S9161,TINA WALL,<span>lori91 @ ramsey.com</span>,2020
S8969,  Lisa Miller ðŸ˜Š,kjacobs @ hotmail.com,2020
S9743,  Michael Gregory ðŸ˜Š,chad88@hotmail.com,2023
S5694,MICHELLE ROLLINS,ashley93@miller-galvan.com,2019
S6640,Joshua Carter,heatherwang@gmail.coom,2023
S3586,Melissa Lara,<span>jason33 @ garza.com</span>,2019
S8123,LLori Scott,<span>perezadam @ gmail.com</span>,2019
S1365,Karen Taylor,tguzman@acosta.com,2020
S7975,RREBECCA JIMENEZ,nperkins@gmail.com,2020
S6166,Kylie Gardner,mandydavis @ murphy.com,2019
S5637,  WALTER CLARK ðŸ˜Š,alexandrapeters@murray.coom,2020
S4654,ELIZABETH DELACRUZ,<span>kristin13@hotmail.com</span>,2019
S5122,ANDREW BERG,<span>lrusso@hotmail.com</span>,2021
S2610,  Courtney Hughes ðŸ˜Š,jonesbruce @ gmail.com,2019
S2567,LLisa Schmidt,seancastillo@armstrong.biz,2021
S1655,OOlivia Lynch,<span>emelton@yahoo.com</span>,2019
S7697,  Christina Fleming ðŸ˜Š,sharon50 @ hotmail.com,2019
S3011,  TINA WHITEHEAD ðŸ˜Š,monique71@wood-johnson.com,2021
S2524,Kristy Russell,jennifer78@cook.com,2022
S4554,Cindy Hobbs,danamills @ yahoo.com,2021
S6157,RRoger Jones PhD,jessica37@perry.com,2021
S5459,Danielle Campbell,lisa80@hotmail.com,2023
S7487,MMolly Novak,kharris@matthews-bauer.com,2020
S2923,Brian Robinson,laura40@gmail.com,2019
S3524,Lauren Wallace,kathleentaylor@johnson.com,2021
S7654,Christopher Martin,<span>mary80@stone.com</span>,2019
S5203,LLaurie Eaton,robbinsrachel@rose.com,2019
S5307,IAN PERRY,<span>owagner@yahoo.com</span>,2019
S6012,DDonna Smith DVM,dweber @ cross.net,2019
S3343,Jamie Robinson,hernandezchristy@gmail.com,2022
S6892,Stacy Tran,henryjames@yahoo.com,2019
S5949,TTOM DYER,cohenheather@lowe.coom,2021
S7841,SONIA MCKINNEY,<span>nsmith @ yahoo.com</span>,2020
S4101,Brittany Baker,david68@harris-caldwell.coom,2020
S5053,RROBERTO KELLER,<span>vaughntina@lee.com</span>,2023
S7882,  SSHANE MORRISON ðŸ˜Š,<span>howardsherry @ hotmail.com</span>,2023
S2321,RRebecca Moreno,anna84@anderson-saunders.com,2020
S1327,SHELBY GONZALEZ,jonesalexander@hotmail.com,2021
S3565,KEVIN COOK,shafferkelly@garrett-herrera.com,2020
S4191,Jonathan Brown,xwatson@douglas.biz,2020
S5858,  Allison Swanson ðŸ˜Š,<span>gloria59@miller.com</span>,2021
S8051,Benjamin Miller,<span>sarahmendez @ gmail.com</span>,2022
S8619,KKEVIN WHEELER DVM,natalie60@wong.net,2023
S6660,  Brett Hansen ðŸ˜Š,deborahcarpenter@hotmail.com,2021
S9910,MMONICA BARNES,porterjane@gmail.com,2022
S2265,  Valerie Ware ðŸ˜Š,bbrady @ simmons.com,2020
S9446,KIM FRITZ,woodsashley@gmail.com,2023
S4531,Jennifer Meadows,cookdavid@caldwell-adams.com,2021
S8291,Ashley Davis,jensenbeth@hotmail.com,2023
S3814,Ronald Roth,vmeyer@gmail.com,2022
S6737,Steven Richmond,probinson @ hotmail.com,2020
S5304,Jaclyn Hernandez,cindyjones@thomas.com,2021
S8967,Maurice Haney,brownstephanie @ hotmail.com,2021
S1100,MMeagan Haynes,breanna97 @ blair-willis.com,2021
S6906,JOSHUA BROWN,<span>aaronvillarreal@hotmail.com</span>,2020
S1882,Joshua Gordon,yferguson @ yahoo.com,2020
S1048,  Jennifer Whitaker ðŸ˜Š,<span>smithchristopher@gmail.com</span>,2021
S1432,Marcus Burke,lynngonzales@gmail.com,2022
S4220,JJAMES BUTLER,hernandezkevin @ morgan-cook.com,2022
S5536,AAngela Russell,vdyer@pitts-ryan.com,2023
S7476,Jonathan Rivera,<span>linda58@hotmail.coom</span>,2022
S7720,SARA FLETCHER,<span>amysimpson@clark-rios.com</span>,2022
S7732,Matthew Valdez,joannabennett @ hotmail.com,2021
S1626,Sean Castaneda,<span>thomaskathy@snyder.biz</span>,2023
S8714,JULIE RAMSEY,amber90@bishop.biz,2021
S6505,JJennifer Johnson,marissa87@gmail.com,2020
S8259,LLogan Thomas,ronaldwilliams @ gmail.com,2022
S3059,AAndrew Schmidt,edwardslisa@williams.com,2021
S9341,STEVEN COLEMAN,simmonsdonna @ archer.com,2021
S7839,SARA REESE,<span>jennyrodriguez@hotmail.com</span>,2020
S5846,JOHN MULLINS,melissa47@morgan.biz,2019
S4516,Anna Walker,frobles @ barber.net,2019
S9676,BRAD ADKINS,xcole@hotmail.com,2020
S3721,HHolly Carson,robertfox @ dickerson-porter.com,2021
S2742,  SAMUEL GRAY ðŸ˜Š,echoi @ anderson.com,2022
S4435,Leonard Anderson,<span>avilasarah@wilson.com</span>,2023
S6577,DDavid Hammond,margaretphelps @ hotmail.com,2019
S6829,WWilliam Lee,dannyharvey@shepherd-williams.biz,2020
S4436,Jeffrey Mcfarland,robertsanchez@yahoo.com,2021
S6699,Sandra Kim,jessica53 @ day-hicks.coom,2023
S3459,BBrendan Mendoza,hooperjoshua@shaw.com,2023
S8955,Deborah Garza,ymcguire @ phillips-carter.com,2019
S7575,Karen Austin,<span>kwalker @ hotmail.coom</span>,2022
S2018,Christopher Weber,<span>smithedward @ brown.info</span>,2022
S5016,  Linda Brown ðŸ˜Š,megan81 @ gmail.com,2022
S2366,Madison Guerra,cheyenne02@gmail.coom,2020
S4577,Bobby Thompson,mpitts@gould.net,2022
S5567,Matthew Foster,usmith @ gmail.com,2019
S1083,Susan Miller,gonzalezwilliam @ keller.com,2021
S6705,Michelle Todd,kgamble@perez-ryan.org,2023
S3418,JULIE GONZALEZ,brice@brown.org,2019
S4975,TTREVOR LEACH,<span>kent42@hotmail.coom</span>,2019
S8243,VVictoria Brown,<span>davidsonjohn@thomas.com</span>,2023
S2441,Christina Johnson,abutler @ hubbard.com,2023
S4640,PPaula Wilson,porterkristen @ mckay-benson.net,2020
S4599,Susan Hall,ahall@yahoo.com,2023
S2822,  Christopher Ibarra ðŸ˜Š,martinteresa@gmail.coom,2021
S9998,MMARIA TOWNSEND,<span>qgalloway@johnson.com</span>,2019
S8785,AApril Johnston,qstevenson@gmail.coom,2022
S7558,DDouglas Moss,<span>carrie49@gmail.com</span>,2020
S7863,MMelanie Strong,<span>bharrison@gmail.coom</span>,2022
S6392,LOUIS HOWARD,leslie15@snyder.org,2022
S9937,Lisa Baldwin,sellersgary@parrish.com,2019
S6389,MEGAN PALMER,martinrandy@owen.info,2019
S5553,Sarah Ray,yblair@guerrero.org,2021
S2481,Dorothy Barnes,russellfoster@lewis-adkins.com,2022
S5394,  MMRS. TERESA WANG PHD ðŸ˜Š,brent43 @ gmail.coom,2020
S5933,Glenda Hays,fmcguire @ hotmail.com,2020
S2591,Joann David,paultran @ hotmail.com,2020
S2445,MMichael Ortiz,suzannejones@peterson.com,2020
S4737,DANIELLE ODOM,reginald73@wagner.net,2019
S4045,SScott Summers,<span>jenniferbarrett@gordon.coom</span>,2022
S8789,CCOLLEEN SIMS,nrivera @ obrien.info,2022
S2315,Matthew Allen,<span>wongshari @ yahoo.com</span>,2021
S8211,Pamela Vargas,<span>tchambers @ gmail.com</span>,2020
S3426,COURTNEY MACIAS,annettemendoza@yahoo.com,2021
S6731,Briana Brown,christine27@shaw-greene.info,2022
S8414,  Megan Campbell ðŸ˜Š,sheltonmarie@edwards-vega.biz,2021
S3645,William Mcintosh,shawsamantha @ mcpherson.org,2022
S2219,DOUGLAS WARREN,henrychristopher@yahoo.com,2023
S2660,AAngel Ruiz,asimon@poole-taylor.com,2020
S4543,MMatthew Garcia,valerie96@young.org,2023
S4510,BRANDI HICKS,<span>jennifertaylor@cook-drake.net</span>,2020
S9290,Chelsey Lopez,ksmith@hotmail.coom,2022
S1308,Aaron Brown,kgarza @ bowman.com,2020
S2396,DDANIEL MONTGOMERY,lhamilton@young-jones.info,2023
S9953,ADAM LEE,shortdavid @ weeks.biz,2020
S5375,Jaime Banks,paulrodriguez@smith.biz,2021
S9387,SShannon Sanchez,kbarnes@gmail.com,2019
S9766,RACHEL GLASS,rhart@brown-lopez.com,2022
S3617,  JJamie Cole ðŸ˜Š,<span>taylorbrandy@morris.com</span>,2020
S5626,HANNAH SMITH,gbass@walter-huff.com,2022
S3161,  BBONNIE VASQUEZ ðŸ˜Š,robin81 @ leon.info,2019
S8900,Matthew Hopkins,hooverbenjamin@hall.org,2021
S7966,KENNETH LOPEZ,dbryant@nelson.coom,2021
S4656,Mark Pena,pjohnson@long-day.info,2020
S2652,Danny Maxwell,<span>chebert@lindsey-gross.com</span>,2020
S8336,John Webster,kellyallen@gmail.com,2020
S3035,SUSAN CRUZ,maureenyoung@boyd-barry.com,2020
S1107,  Sarah Pratt ðŸ˜Š,andersonhannah @ hayes-harrison.info,2023
S1552,  EERIK ALVAREZ ðŸ˜Š,<span>michaelclark@hartman.com</span>,2021
S8561,Susan Dixon,wesley68 @ ruiz-robinson.org,2021
S1954,JJeremiah Reynolds,rramirez @ hotmail.com,2022
S3170,JJoshua Mitchell MD,ryanscott@hotmail.com,2023
S7390,  Joel Aguirre ðŸ˜Š,nlane @ prince-beltran.com,2019
S5395,  RReginald Rivera ðŸ˜Š,robertkaiser @ gmail.com,2019
S8461,  Wayne Rivera ðŸ˜Š,hkelley@gmail.com,2022
S5974,  BBradley Arroyo ðŸ˜Š,<span>nicholasgriffin@erickson.biz</span>,2021
S5499,  Michael Smith ðŸ˜Š,brianna11@yahoo.com,2022
S1720,TRACEY BERRY,anthonycrosby @ hotmail.com,2021
S3088,Marissa Lee,adamsjohnny@davis.com,2023
S7713,HHANNAH CHAVEZ,lori63 @ murphy.com,2019
S2113,Elaine Wright,eric15@george-dunn.com,2021
S4269,  Christian Allen ðŸ˜Š,nterry@yahoo.com,2021
S8857,Ashley Jones,dthornton@stewart-lane.biz,2022
S7444,RRICARDO CHANDLER,randolphheather @ shaw.com,2020
S6300,  LISA MALDONADO ðŸ˜Š,iholmes@patterson-adams.coom,2019
S1758,SSteven Hill,amanda85@yahoo.coom,2022
S1450,  Alexander Morris ðŸ˜Š,courtney60@jones.com,2023
S9058,EEric Morrow,brittany51@yahoo.com,2020
S3520,Shawn Horton,nancyrodriguez@yahoo.com,2022
S9445,Lisa Thomas,jeremyjohnson@gmail.com,2021
S7033,Tracy Jackson,tblack@cochran-peterson.com,2019
S4752,  Ricky Carney ðŸ˜Š,oliversierra@robinson.org,2022
S4090,Mikayla Diaz,nicolehoward@morris.info,2022
S4445,Christopher Miller,nmorales@willis.com,2020
S8003,EErika Fox,<span>matthewsgail @ yahoo.com</span>,2022
S8709,KENNETH WRIGHT,brian46@yahoo.com,2023
S4314,Crystal Juarez,kristin68 @ yahoo.coom,2023
S9975,LLaurie Crawford,<span>kristinsimpson @ allen-ramirez.com</span>,2019
S5982,Daniel Johnson,markreyes @ casey.net,2020
S6161,Anthony Hernandez,<span>matthewking@gmail.coom</span>,2021
S2597,MMarco Carter,<span>iparker@robbins.coom</span>,2021
S5731,MMr. Joseph Smith MD,buckleslie@yahoo.com,2021
S1251,DAVID HARRISON,brandonvincent@phillips.com,2021
S2205,RONALD JOHNSON,gardnerkimberly@sanders.com,2022
S2537,ZACHARY BRYANT,mannalbert@price.com,2021
S6126,Shawn Caldwell,ujones @ hotmail.com,2023
S4281,Kelly Foster,richardmiller @ black.info,2020
S4203,PPATRICK DANIEL,ccastaneda@townsend.com,2022
S3120,Gabriel Rogers,<span>lruiz@yahoo.com</span>,2022
S7790,Anne Conley,<span>pkirk @ rosario.com</span>,2020
S8853,PPaul Martinez,ywilson@henry-pittman.org,2023
S3025,JJason Rhodes,<span>ejohnson@dunn.biz</span>,2019
S3225,AAngela Graham,kelli45@ramsey-garcia.com,2023
S6024,  April Williams ðŸ˜Š,hjohnson@nguyen-craig.com,2019
S2155,PETER HALL,keithalexander @ rios-woods.biz,2020
S7019,AAustin Mitchell,georgealvarez @ washington-valentine.net,2023
S6140,Mark Hamilton,nlee@anderson-skinner.com,2021
S1028,JJamie Martin,fbryant@gilbert.biz,2021
S1713,  Zachary Wiley ðŸ˜Š,<span>hgriffin @ thomas-ferguson.com</span>,2022
S5595,AAlexis Long DVM,johngonzalez @ yahoo.com,2020
S9450,COLIN HULL,josephhartman @ jones-carroll.com,2021
S6953,Teresa Lewis,finleytaylor@hamilton-patel.com,2021
S3000,Lauren Holmes,dwhite@wallace-russell.biz,2022
S3665,Jennifer Sanchez,alexis63@dudley.com,2023
S4843,  Patricia Miller ðŸ˜Š,hharris@hotmail.coom,2019
S4844,Matthew Meadows,cooksharon@gmail.com,2023
S5227,  David Martin ðŸ˜Š,garnertanya@stone-williams.biz,2020
S7458,RRebecca Williams,douglasacosta@taylor.com,2020
S1428,JOAN RICHARDS,whitakerbenjamin@gmail.com,2020
S6610,JAMES GONZALES,jonathanburton@davis.coom,2023
S1740,KIMBERLY JONES,<span>dfreeman @ ortega.com</span>,2020
S2384,JIMMY MARTINEZ,albert76@bradford.coom,2020
S6059,Kathleen Taylor,<span>scottwhite@nichols.org</span>,2022
S6254,Jerry Schneider,barbarafisher @ douglas.coom,2022
S1625,BECKY RODRIGUEZ,<span>paula89@hotmail.com</span>,2021
S1697,NNICHOLAS BUTLER,<span>mirandacolon@gmail.coom</span>,2021
S3252,KKristi Kent,<span>jessica67@graham.biz</span>,2022
S9649,  NNicole Martin ðŸ˜Š,linrichard @ gmail.com,2020
S5050,Danielle Mosley,haleyspencer@bradley-mitchell.coom,2020
S5260,DAWN SPENCER MD,<span>sjones@davis.net</span>,2021
